# VENDORED.tsv -- GENERATED by tools/gen-vendored.py; do not edit by hand.
# Every file a scaffolder copies into a user's own mod project. This manifest IS the licence
# boundary: MIT rows must carry an MIT SPDX header, nothing else may. (Licence provisional.)
path	licence	copied_by
templates/multi-version/build.gradle.template	MIT	tools/make-multiversion.sh
templates/multi-version/tools/gametest_adapter.py	MIT	tools/make-multiversion.sh
templates/multi-version/tools/prepare-sources.py	MIT	tools/make-multiversion.sh
templates/multi-version/versions/26.2.renames.hand.tsv	MIT	tools/make-multiversion.sh
templates/neoforge-mod/.gitignore	MIT	cp -R templates/neoforge-mod (migrate-mod pipeline)
templates/neoforge-mod/build.gradle	MIT	cp -R templates/neoforge-mod (migrate-mod pipeline)
templates/neoforge-mod/gradle.properties	MIT	cp -R templates/neoforge-mod (migrate-mod pipeline)
templates/neoforge-mod/gradle/wrapper/gradle-wrapper.jar	upstream:Apache-2.0 (Gradle wrapper)	cp -R templates/neoforge-mod (migrate-mod pipeline)
templates/neoforge-mod/gradle/wrapper/gradle-wrapper.properties	upstream:Apache-2.0 (Gradle wrapper config)	cp -R templates/neoforge-mod (migrate-mod pipeline)
templates/neoforge-mod/gradlew	upstream:Apache-2.0 (Gradle wrapper script)	cp -R templates/neoforge-mod (migrate-mod pipeline)
templates/neoforge-mod/gradlew.bat	upstream:Apache-2.0 (Gradle wrapper script)	cp -R templates/neoforge-mod (migrate-mod pipeline)
templates/neoforge-mod/settings.gradle	MIT	cp -R templates/neoforge-mod (migrate-mod pipeline)
templates/neoforge-mod/src/main/resources/META-INF/neoforge.mods.toml	MIT	cp -R templates/neoforge-mod (migrate-mod pipeline)
templates/neoforge-mod/test-templates/ClientBootSmokeTest.java.example	MIT	cp -R templates/neoforge-mod (migrate-mod pipeline)
templates/neoforge-mod/test-templates/MixinConfigIntegrityTest.java.template	MIT	cp -R templates/neoforge-mod (migrate-mod pipeline)
templates/neoforge-mod/test-templates/ModGameTest.java.example	MIT	cp -R templates/neoforge-mod (migrate-mod pipeline)
templates/neoforge-mod/test-templates/PersistenceGameTest.java.example	MIT	cp -R templates/neoforge-mod (migrate-mod pipeline)
templates/neoforge-mod/test-templates/ResourceIntegrityTest.java.template	MIT	cp -R templates/neoforge-mod (migrate-mod pipeline)
templates/neoforge-mod/tools/client-boot-loop.sh	MIT	cp -R templates/neoforge-mod (migrate-mod pipeline)
templates/neoforge-mod/tools/client-validate.sh	MIT	cp -R templates/neoforge-mod (migrate-mod pipeline)
templates/neoforge-mod/tools/fix-datapack-layout.py	MIT	cp -R templates/neoforge-mod (migrate-mod pipeline)
templates/neoforge-mod/tools/run-gatec.command	MIT	cp -R templates/neoforge-mod (migrate-mod pipeline)
templates/neoforge-mod/tools/watch-gatec.sh	MIT	cp -R templates/neoforge-mod (migrate-mod pipeline)
