# Recipe pack: Forge 1.20.x -> NeoForge 1.21.1 (issue #27, Stage 4). Format: tools/apply-recipes.py.
# Runs AFTER tools/srg-remap/forge_import_codemod.pl and mc121_codemod.py (tools/recipes/existing-codemods.tsv),
# so Forge packages already read net.neoforged.* here. Every row is a catalogue entry's own Pattern -> Fix;
# replacements that need an import are written fully qualified inline (§V19), so no import block is edited.
# A member rename names its owner (§X7). Order matters within the regex rows (§X4): they run in file order,
# before the plain token rows.

#@ 24 auto  ForgeEventFactory / ForgeHooks / ForgeHooksClient became EventHooks / CommonHooks / ClientHooks
re:\bForgeEventFactory\.getMobGriefingEvent\(	EventHooks.canEntityGrief(
net.neoforged.neoforge.event.ForgeEventFactory	net.neoforged.neoforge.event.EventHooks
ForgeEventFactory	EventHooks
net.neoforged.neoforge.common.ForgeHooks	net.neoforged.neoforge.common.CommonHooks
ForgeHooks	CommonHooks
net.minecraftforge.client.ForgeHooksClient	net.neoforged.neoforge.client.ClientHooks
ForgeHooksClient	ClientHooks

#@ 7 auto  @Mod.EventBusSubscriber is top-level EventBusSubscriber
re:(?<![\w.])Mod\.EventBusSubscriber\b	net.neoforged.fml.common.EventBusSubscriber
net.neoforged.fml.common.Mod.EventBusSubscriber	net.neoforged.fml.common.EventBusSubscriber

#@ 45 auto  the FORGE event bus is the GAME bus
re:\bBus\.FORGE\b	Bus.GAME

#@ 12 auto  ForgeSpawnEggItem is DeferredSpawnEggItem
net.neoforged.neoforge.common.ForgeSpawnEggItem	net.neoforged.neoforge.common.DeferredSpawnEggItem
ForgeSpawnEggItem	DeferredSpawnEggItem

#@ 14 auto  NonNullLazy is Lazy
net.neoforged.neoforge.common.util.NonNullLazy	net.neoforged.neoforge.common.util.Lazy
NonNullLazy	Lazy

#@ 11 auto  ForgeRegistries.X is BuiltInRegistries.X (singular); lookups are get, not getValue
re:\bForgeRegistries\.ITEMS\b	net.minecraft.core.registries.BuiltInRegistries.ITEM
re:\bForgeRegistries\.BLOCKS\b	net.minecraft.core.registries.BuiltInRegistries.BLOCK
re:\bForgeRegistries\.ENTITY_TYPES\b	net.minecraft.core.registries.BuiltInRegistries.ENTITY_TYPE
re:\bForgeRegistries\.MOB_EFFECTS\b	net.minecraft.core.registries.BuiltInRegistries.MOB_EFFECT
re:\bForgeRegistries\.SOUND_EVENTS\b	net.minecraft.core.registries.BuiltInRegistries.SOUND_EVENT
re:\bForgeRegistries\.PARTICLE_TYPES\b	net.minecraft.core.registries.BuiltInRegistries.PARTICLE_TYPE
re:\bForgeRegistries\.BLOCK_ENTITY_TYPES\b	net.minecraft.core.registries.BuiltInRegistries.BLOCK_ENTITY_TYPE
re:\bForgeRegistries\.ATTRIBUTES\b	net.minecraft.core.registries.BuiltInRegistries.ATTRIBUTE
re:\bForgeRegistries\.POTIONS\b	net.minecraft.core.registries.BuiltInRegistries.POTION
re:\bForgeRegistries\.FLUIDS\b	net.minecraft.core.registries.BuiltInRegistries.FLUID
re:\bForgeRegistries\.MENU_TYPES\b	net.minecraft.core.registries.BuiltInRegistries.MENU
re:\bForgeRegistries\.RECIPE_SERIALIZERS\b	net.minecraft.core.registries.BuiltInRegistries.RECIPE_SERIALIZER
re:(BuiltInRegistries\.[A-Z_]+)\.getValue\(	\1.get(

#@ 22 auto  LivingHurtEvent and LivingAttackEvent are LivingIncomingDamageEvent
net.neoforged.neoforge.event.entity.living.LivingHurtEvent	net.neoforged.neoforge.event.entity.living.LivingIncomingDamageEvent
LivingHurtEvent	LivingIncomingDamageEvent
net.neoforged.neoforge.event.entity.living.LivingAttackEvent	net.neoforged.neoforge.event.entity.living.LivingIncomingDamageEvent
LivingAttackEvent	LivingIncomingDamageEvent

#@ 23 auto  MobSpawnEvent.FinalizeSpawn is FinalizeSpawnEvent
re:(?<![\w.])MobSpawnEvent\.FinalizeSpawn\b	net.neoforged.neoforge.event.entity.living.FinalizeSpawnEvent

#@ 37 auto  BlockPathTypes is PathType
net.minecraft.world.level.pathfinder.BlockPathTypes	net.minecraft.world.level.pathfinder.PathType
BlockPathTypes	PathType

#@ 41 auto  AttributeModifier.Operation constants renamed
re:\bOperation\.ADDITION\b	Operation.ADD_VALUE
re:\bOperation\.MULTIPLY_BASE\b	Operation.ADD_MULTIPLIED_BASE
re:\bOperation\.MULTIPLY_TOTAL\b	Operation.ADD_MULTIPLIED_TOTAL

#@ 46 auto  defaultDurability is durability; Properties.copy is ofFullCopy
re:\.defaultDurability\(	.durability(
re:\bProperties\.copy\(	Properties.ofFullCopy(

#@ 52 auto  vanilla entity renames
re:\.setSecondsOnFire\(	.igniteForSeconds(
re:(?<![\w$])onAddedToWorld\(\)	onAddedToLevel()

#@ 33 auto  Vanishable is gone
re:import net\.minecraft\.world\.item\.Vanishable;\n	
re:(?<=implements )Vanishable\s*,\s*	
re:\s*,\s*Vanishable\b(?=[\s,{])	
re:\s+implements Vanishable\b(?=\s*\{)	

#@ 26 auto  defineSynchedData takes a SynchedEntityData.Builder
re:void defineSynchedData\(\)\s*\{	void defineSynchedData(net.minecraft.network.syncher.SynchedEntityData.Builder builder) {
re:\bsuper\.defineSynchedData\(\)	super.defineSynchedData(builder)
re:\bthis\.entityData\.define\(	builder.define(

#@ 98 auto  getDimensions is final; override getDefaultDimensions
re:public EntityDimensions getDimensions\(Pose (\w+)\)	protected EntityDimensions getDefaultDimensions(Pose \1)
re:\bsuper\.getDimensions\(	super.getDefaultDimensions(

#@ 32 auto  hurtAndBreak takes the slot, not a break callback
re:\.hurtAndBreak\(([^,()]+),\s*([\w.()]+),\s*\(?(\w+)\)?\s*->\s*\3\.broadcastBreakEvent\(\3\.getUsedItemHand\(\)\)\)	.hurtAndBreak(\1, \2, net.minecraft.world.entity.LivingEntity.getSlotForHand(\2.getUsedItemHand()))
re:\.hurtAndBreak\(([^,()]+),\s*([\w.()]+),\s*\(?\w+\)?\s*->\s*\w+\.broadcastBreakEvent\(([\w.]*[hH]and(?:\(\))?)\)\)	.hurtAndBreak(\1, \2, net.minecraft.world.entity.LivingEntity.getSlotForHand(\3))
re:\.hurtAndBreak\(([^,()]+),\s*([\w.()]+),\s*\(?\w+\)?\s*->\s*\w+\.broadcastBreakEvent\(([\w.]+)\)\)	.hurtAndBreak(\1, \2, \3)

#@ 113 auto  setMaxUpStep is the STEP_HEIGHT attribute (not on known non-living bases: a plain Entity has no attribute map)
#? only-if	\bextends (?!(?:Entity|Projectile|AbstractArrow|Arrow|ThrowableProjectile|ThrowableItemProjectile|AbstractHurtingProjectile|Fireball|AbstractMinecart|Boat|PartEntity|ItemEntity)\b)\w+
re:\bthis\.setMaxUpStep\(([^;]*)\);	this.getAttribute(net.minecraft.world.entity.ai.attributes.Attributes.STEP_HEIGHT).setBaseValue(\1);

#@ 36 auto  ForgeMod reach attributes are vanilla; the rest of ForgeMod is NeoForgeMod
re:(?:\(Attribute\)\s*)?\bForgeMod\.ENTITY_REACH\.get\(\)	net.minecraft.world.entity.ai.attributes.Attributes.ENTITY_INTERACTION_RANGE
re:(?:\(Attribute\)\s*)?\bForgeMod\.BLOCK_REACH\.get\(\)	net.minecraft.world.entity.ai.attributes.Attributes.BLOCK_INTERACTION_RANGE
net.neoforged.neoforge.common.ForgeMod	net.neoforged.neoforge.common.NeoForgeMod
ForgeMod	NeoForgeMod

#@ 134 auto  SpawnPlacements.Type constants are SpawnPlacementTypes
re:\bSpawnPlacements\.Type\.(ON_GROUND|IN_WATER|IN_LAVA|NO_RESTRICTIONS)\b	net.minecraft.world.entity.SpawnPlacementTypes.\1

#@ 138 auto  GeckoLib 4.8 flattened the core packages (bare names only where GeckoLib is imported: mods ship their own RenderUtils)
#? only-if	import software\.bernie\.geckolib\.
software.bernie.geckolib.core.animatable.model.CoreGeoBone	software.bernie.geckolib.cache.object.GeoBone
software.bernie.geckolib.animatable.model.CoreGeoBone	software.bernie.geckolib.cache.object.GeoBone
software.bernie.geckolib.core.object.PlayState	software.bernie.geckolib.animation.PlayState
software.bernie.geckolib.core.object.Color	software.bernie.geckolib.util.Color
software.bernie.geckolib.core.animation	software.bernie.geckolib.animation
software.bernie.geckolib.core.animatable	software.bernie.geckolib.animatable
software.bernie.geckolib.util.RenderUtils	software.bernie.geckolib.util.RenderUtil
CoreGeoBone	GeoBone
RenderUtils	RenderUtil

#@ 54 auto  SRG ids the 1.20.1 dictionary does not map (names read from finished ports' own diffs, 2+ uses each)
member:m_7654_	getServer
member:m_20194_	getServer
member:m_129892_	getCommands
member:m_129889_	getAdvancements
member:m_129880_	getLevel
member:m_129785_	getAllLevels
member:m_11083_	convertMobOwnerIfNecessary

#@ R18 auto  setCustomClientFactory is gone; MCreator's same-class SpawnEntity constructor goes with it
re:\s*\.setCustomClientFactory\(\w+::new\)	
re:\n[ \t]*public \w+\((?:PlayMessages\.)?SpawnEntity \w+, Level \w+\)\s*\{\s*this\([^;{}]*\);\s*\}	
re:import net\.minecraftforge\.network\.PlayMessages(?:\.SpawnEntity)?;\n	

#@ 117 auto  appendHoverText takes an Item.TooltipContext, not a Level
re:void appendHoverText\(ItemStack (\w+), (?:@Nullable )?Level (\w+), List<Component> (\w+), TooltipFlag (\w+)\)	void appendHoverText(ItemStack \1, net.minecraft.world.item.Item.TooltipContext \2, List<Component> \3, TooltipFlag \4)

#@ 105 auto  VertexConsumer builder renamed; endVertex is gone (only in files using the vertex API)
#? only-if	import com\.mojang\.blaze3d\.vertex\.
re:\)\s*\.endVertex\(\)	)
re:\.vertex\(([^,();]+),\s*([^,();]+),\s*([^,();]+)\)(?=\s*\.(?:color|uv|normal|endVertex|overlayCoords|uv2)\()	.addVertex((float) (\1), (float) (\2), (float) (\3))
re:\.vertex\((?=[^;]*?\)\s*\.(?:color|uv|normal|endVertex|overlayCoords|uv2)\()	.addVertex(
re:\)(\s*)\.color\(	)\1.setColor(
re:\)(\s*)\.uv\(	)\1.setUv(
re:\)(\s*)\.overlayCoords\(([^,()]+)\)	)\1.setOverlay(\2)
re:\)(\s*)\.overlayCoords\(([^,()]+),\s*([^,()]+)\)	)\1.setUv1(\2, \3)
re:\)(\s*)\.uv2\(([^,()]+)\)	)\1.setLight(\2)
re:\)(\s*)\.uv2\(([^,()]+),\s*([^,()]+)\)	)\1.setUv2(\2, \3)
re:\)(\s*)\.normal\((\w+)\.normal\(\),	)\1.setNormal(\2,
re:\)(\s*)\.normal\(([^,()]+),\s*([^,()]+),\s*([^,()]+)\)	)\1.setNormal(\2, \3, \4)

#@ 104 auto  renderToBuffer and ModelPart.render take one packed ARGB int, not four floats
#? only-if	import com\.mojang\.blaze3d\.vertex\.VertexConsumer;
re:void renderToBuffer\((PoseStack \w+, VertexConsumer \w+, int \w+, int \w+), float (\w+), float (\w+), float (\w+), float (\w+)\)\s*\{	void renderToBuffer(\1, int color) { float \2 = net.minecraft.util.FastColor.ARGB32.red(color) / 255.0F, \3 = net.minecraft.util.FastColor.ARGB32.green(color) / 255.0F, \4 = net.minecraft.util.FastColor.ARGB32.blue(color) / 255.0F, \5 = net.minecraft.util.FastColor.ARGB32.alpha(color) / 255.0F;
re:\.(render|renderToBuffer)\(([\w.]+), ([\w.]+), ([\w.]+), ([\w.]+), ([^,()]+), ([^,()]+), ([^,()]+), ([^,()]+)\)	.\1(\2, \3, \4, \5, net.minecraft.util.FastColor.ARGB32.colorFromFloat(\9, \6, \7, \8))

#@ 114 auto  MobEffect.isDurationEffectTick is shouldApplyEffectTickThisTick
re:\bisDurationEffectTick\(	shouldApplyEffectTickThisTick(

#@ 79 auto  Screen.renderBackground takes the render arguments (files whose render method names them mouseX/mouseY/partialTicks)
#? only-if	int mouseX, int mouseY, float partialTicks\)
re:\bthis\.renderBackground\((\w+)\);	this.renderBackground(\1, mouseX, mouseY, partialTicks);

#@ 56 auto  partial tick and frame time come from the DeltaTracker
re:\bMinecraft\.getInstance\(\)\.getPartialTick\(\)	Minecraft.getInstance().getTimer().getGameTimeDeltaPartialTick(true)
re:\bMinecraft\.getInstance\(\)\.getFrameTime\(\)	Minecraft.getInstance().getTimer().getGameTimeDeltaPartialTick(true)
re:\bMinecraft\.getInstance\(\)\.getDeltaFrameTime\(\)	Minecraft.getInstance().getTimer().getGameTimeDeltaTicks()

#@ R21 auto  a custom arrow's pickup item must not be EMPTY (it cannot be saved)
#? only-if	\bextends AbstractArrow\b
re:(ItemStack getDefaultPickupItem\(\)\s*\{\s*return )ItemStack\.EMPTY;	\1new ItemStack(net.minecraft.world.item.Items.ARROW);

#@ 127 choice  Block.use is split by whether the held item matters
#? detect	public InteractionResult use\(BlockState \w+, Level \w+, BlockPos \w+, Player \w+, InteractionHand \w+, BlockHitResult \w+\)
#? option	useWithoutItem	the body ignores the hand: useWithoutItem(BlockState, Level, BlockPos, Player, BlockHitResult), returns InteractionResult
#? option	useItemOn	the body reads player.getItemInHand(hand): useItemOn(ItemStack, BlockState, Level, BlockPos, Player, InteractionHand, BlockHitResult), returns ItemInteractionResult

#@ 30 choice  MobType is gone
#? detect	\bgetMobType\(\)
#? option	tag	delete the getMobType() override; put the entity type in #minecraft:undead / arthropod / illager / aquatic; checks become getType().is(EntityTypeTags.X)
#? option	shim	many call sites read getMobType() for damage or potion logic: a local MobType enum plus MobType.of(Entity) keeps them (catalogue 30's augment)

#@ 53 choice  item NBT accessors are gone
#? detect	\.(getOrCreateTag|getTag|setTag|hasTag)\(
#? option	component	structured data the mod owns: a DataComponentType<T> (catalogue 28)
#? option	custom-data	a bag of keys: an ItemNbtCompat helper over DataComponents.CUSTOM_DATA; write back after every mutation (catalogue 53)

#@ 16 manual  SimpleChannel/NetworkEvent -> payloads (CustomPacketPayload + StreamCodec + IPayloadContext)
#? detect	\b(SimpleChannel|NetworkEvent\.Context|NetworkRegistry)\b

#@ 13 manual  capabilities -> data attachments (AttachmentType, getData/setData)
#? detect	\b(LazyOptional|ICapabilitySerializable|ICapabilityProvider|AttachCapabilitiesEvent|CapabilityToken)\b

#@ 20 manual  TickEvent phases -> PlayerTickEvent.Post / ServerTickEvent / LevelTickEvent
#? detect	\bTickEvent\b

#@ 6 manual  DistExecutor -> FMLEnvironment.dist checks
#? detect	\bDistExecutor\b

#@ 5 manual  @Mod constructor takes (IEventBus, ModContainer)
#? detect	\bFMLJavaModLoadingContext\b

#@ 38 manual  GUI overlays -> LayeredDraw.Layer + RegisterGuiLayersEvent
#? detect	\b(IGuiOverlay|RegisterGuiOverlaysEvent|ForgeGui)\b


#@ 62 auto  Enchantments constants renamed with the 1.20.5 data-driven rework (verified on the 1.21.1 jar)
#!exhaustive  # a mod uses a few of these
re:\bEnchantments\.ALL_DAMAGE_PROTECTION\b	Enchantments.PROTECTION
re:\bEnchantments\.FALL_PROTECTION\b	Enchantments.FEATHER_FALLING
re:\bEnchantments\.BLOCK_EFFICIENCY\b	Enchantments.EFFICIENCY
re:\bEnchantments\.BLOCK_FORTUNE\b	Enchantments.FORTUNE
re:\bEnchantments\.MOB_LOOTING\b	Enchantments.LOOTING
re:\bEnchantments\.POWER_ARROWS\b	Enchantments.POWER
re:\bEnchantments\.PUNCH_ARROWS\b	Enchantments.PUNCH
re:\bEnchantments\.FLAMING_ARROWS\b	Enchantments.FLAME
re:\bEnchantments\.INFINITY_ARROWS\b	Enchantments.INFINITY
re:\bEnchantments\.FISHING_LUCK\b	Enchantments.LUCK_OF_THE_SEA
re:\bEnchantments\.FISHING_SPEED\b	Enchantments.LURE
#!strict

#@ 103 auto  EquipmentSlot.Type.ARMOR became HUMANOID_ARMOR (1.20.5 added ANIMAL_ARMOR)
re:\bEquipmentSlot\.Type\.ARMOR\b	EquipmentSlot.Type.HUMANOID_ARMOR

#@ 5 auto  mod-bus and config access outside the @Mod constructor go through the active container (forge-shapes injects the constructor's own)
re:\bFMLJavaModLoadingContext\.get\(\)\.getModEventBus\(\)	net.neoforged.fml.ModLoadingContext.get().getActiveContainer().getEventBus()
re:\bModLoadingContext\.get\(\)\.registerConfig\(	ModLoadingContext.get().getActiveContainer().registerConfig(

# ---- catalogue-to-codemod pass (measured on a real Forge 1.20.1 jar; every target checked with javap on 21.1)

#@ 103 auto  IronGolem.Crackiness is net.minecraft.world.entity.Crackiness.Level
#? only-if	\bCrackiness\b
re:(?m)^import\s+net\.minecraft\.world\.entity\.animal\.IronGolem\.Crackiness\s*;	import net.minecraft.world.entity.Crackiness;
re:(?<![\w$.])(?:IronGolem\.)?Crackiness(?![\w$])(?!\s*;)(?!\.Level\b)(?!\.GOLEM\b)(?!\.WOLF_ARMOR\b)	Crackiness.Level

#@ 30 auto  a MobType comparison is an entity-type tag test (WATER is #aquatic)
re:([\w.]+(?:\(\))?)\.getMobType\(\)\s*==\s*MobType\.(UNDEAD|ARTHROPOD|ILLAGER)\b	\1.getType().is(net.minecraft.tags.EntityTypeTags.\2)
re:([\w.]+(?:\(\))?)\.getMobType\(\)\s*!=\s*MobType\.(UNDEAD|ARTHROPOD|ILLAGER)\b	!\1.getType().is(net.minecraft.tags.EntityTypeTags.\2)
re:([\w.]+(?:\(\))?)\.getMobType\(\)\s*==\s*MobType\.WATER\b	\1.getType().is(net.minecraft.tags.EntityTypeTags.AQUATIC)
re:([\w.]+(?:\(\))?)\.getMobType\(\)\s*!=\s*MobType\.WATER\b	!\1.getType().is(net.minecraft.tags.EntityTypeTags.AQUATIC)

#@ 5 auto  Forge's ConfigScreenFactory is NeoForge's IConfigScreenFactory (a functional interface: the lambda is the factory)
re:registerExtensionPoint\(\s*(?:ConfigScreenHandler\.)?ConfigScreenFactory\.class,\s*\(\)\s*->\s*new\s+(?:ConfigScreenHandler\.)?ConfigScreenFactory\(\s*(\([\w\s,]*\)\s*->\s*(?:[^()]|\((?:[^()]|\([^()]*\))*\))*?)\)\s*\)	registerExtensionPoint(net.neoforged.neoforge.client.gui.IConfigScreenFactory.class, () -> \1)
re:(?m)^import\s+net\.(?:minecraftforge|neoforged\.neoforge)\.client\.ConfigScreenHandler(?:\.ConfigScreenFactory)?\s*;[ \t]*\n	

#@ 133 auto  Raid.RaiderType.create is gone (raider types are an enum extension): the call is left as a comment
re:(?m)^([ \t]*)((?:Raid\.)?RaiderType\.create\([^;\n]*\);)	\1// 1.21 MIGRATION (catalogue #133): raider types are an enum extension now (enumextensions.json); dropped: \2

#@ 10 auto  registry keys are singular (ForgeRegistries.Keys.X became Registries.X with the plural kept)
#? only-if	net\.minecraft\.core\.registries\.Registries|ForgeRegistries
re:(?<![\w$])Registries\.BLOCKS\b	Registries.BLOCK
re:(?<![\w$])Registries\.ITEMS\b	Registries.ITEM
re:(?<![\w$])Registries\.FLUIDS\b	Registries.FLUID
re:(?<![\w$])Registries\.MOB_EFFECTS\b	Registries.MOB_EFFECT
re:(?<![\w$])Registries\.SOUND_EVENTS\b	Registries.SOUND_EVENT
re:(?<![\w$])Registries\.POTIONS\b	Registries.POTION
re:(?<![\w$])Registries\.ENTITY_TYPES\b	Registries.ENTITY_TYPE
re:(?<![\w$])Registries\.BLOCK_ENTITY_TYPES\b	Registries.BLOCK_ENTITY_TYPE
re:(?<![\w$])Registries\.PARTICLE_TYPES\b	Registries.PARTICLE_TYPE
re:(?<![\w$])Registries\.MENU_TYPES\b	Registries.MENU
re:(?<![\w$])Registries\.RECIPE_TYPES\b	Registries.RECIPE_TYPE
re:(?<![\w$])Registries\.RECIPE_SERIALIZERS\b	Registries.RECIPE_SERIALIZER
re:(?<![\w$])Registries\.ATTRIBUTES\b	Registries.ATTRIBUTE
re:(?<![\w$])Registries\.STAT_TYPES\b	Registries.STAT_TYPE
re:(?<![\w$])Registries\.FEATURES\b	Registries.FEATURE
re:(?<![\w$])Registries\.WORLD_CARVERS\b	Registries.CARVER
re:(?<![\w$])Registries\.PAINTING_VARIANTS\b	Registries.PAINTING_VARIANT
re:(?<![\w$])Registries\.VILLAGER_PROFESSIONS\b	Registries.VILLAGER_PROFESSION
re:(?<![\w$])Registries\.POI_TYPES\b	Registries.POINT_OF_INTEREST_TYPE
re:(?<![\w$])Registries\.MEMORY_MODULE_TYPES\b	Registries.MEMORY_MODULE_TYPE
re:(?<![\w$])Registries\.SENSOR_TYPES\b	Registries.SENSOR_TYPE
re:(?<![\w$])Registries\.ACTIVITIES\b	Registries.ACTIVITY
re:(?<![\w$])Registries\.COMMAND_ARGUMENT_TYPES\b	Registries.COMMAND_ARGUMENT_TYPE
re:(?<![\w$])Registries\.ENCHANTMENTS\b	Registries.ENCHANTMENT
re:(?<![\w$])Registries\.BIOMES\b	Registries.BIOME
re:(?<![\w$])Registries\.STRUCTURE_TYPES\b	Registries.STRUCTURE_TYPE
re:(?<![\w$])Registries\.CHUNK_GENERATORS\b	Registries.CHUNK_GENERATOR
re:(?<![\w$])Registries\.BLOCK_STATE_PROVIDER_TYPES\b	Registries.BLOCK_STATE_PROVIDER_TYPE
re:(?<![\w$])Registries\.FOLIAGE_PLACER_TYPES\b	Registries.FOLIAGE_PLACER_TYPE
re:(?<![\w$])Registries\.TREE_DECORATOR_TYPES\b	Registries.TREE_DECORATOR_TYPE

#@ 83 auto  a SoundEvents constant with variants is a Holder: unwrap with value(), never get()
re:\b(SoundEvents\.[A-Z_0-9]+)\.get\(\)	\1.value()

#@ 24 auto  MobEffectInstance curative items are EffectCures (an empty list clears them)
re:\.setCurativeItems\(\s*(?:ImmutableList|List)\.of\(\s*\)\s*\)	.getCures().clear()

#@ R21 auto  ProjectileUtil.getMobArrow takes the firing weapon (null = none; an EMPTY stack throws)
re:\bProjectileUtil\.getMobArrow\(([^,()]+),\s*([^,()]+),\s*([^,()]+)\)	ProjectileUtil.getMobArrow(\1, \2, \3, null)

#@ 104 auto  renderColoredCutoutModel takes one packed ARGB int (opaque white = -1)
re:\brenderColoredCutoutModel\(((?:[^()]|\([^()]*\))*?),\s*1\.0F?,\s*1\.0F?,\s*1\.0F?\s*\)	renderColoredCutoutModel(\1, -1)

#@ 120 auto  LivingChangeTargetEvent.getOriginalTarget is getOriginalAboutToBeSetTarget
re:\.getOriginalTarget\(\)	.getOriginalAboutToBeSetTarget()

#@ 95 auto  LootContextParams.KILLER is ATTACKING_ENTITY; DIRECT_KILLER is DIRECT_ATTACKING_ENTITY
re:\bLootContextParams\.KILLER_ENTITY\b	LootContextParams.ATTACKING_ENTITY
re:\bLootContextParams\.DIRECT_KILLER_ENTITY\b	LootContextParams.DIRECT_ATTACKING_ENTITY
re:\bLootContextParams\.KILLER\b	LootContextParams.ATTACKING_ENTITY
re:\bLootContextParams\.DIRECT_KILLER\b	LootContextParams.DIRECT_ATTACKING_ENTITY

#@ 66 auto  Entity.getGravity is final; the overridable hook is getDefaultGravity (a double)
re:\b(protected|public)\s+float\s+getGravity\(\s*\)	\1 double getDefaultGravity()

#@ 92 auto  ToolAction is ItemAbility (ToolActions -> ItemAbilities)
#? only-if	net\.(?:minecraftforge|neoforged\.neoforge)\.common\.ToolAction
net.neoforged.neoforge.common.ToolActions	net.neoforged.neoforge.common.ItemAbilities
net.neoforged.neoforge.common.ToolAction	net.neoforged.neoforge.common.ItemAbility
ToolActions	ItemAbilities
ToolAction	ItemAbility

#@ 91 auto  IEntityWithComplexSpawn reads and writes a registry-aware buffer
#? only-if	IEntityWithComplexSpawn|IEntityAdditionalSpawnData
re:\b(writeSpawnData|readSpawnData)\(\s*(?:net\.minecraft\.network\.)?FriendlyByteBuf\b	\1(net.minecraft.network.RegistryFriendlyByteBuf

#@ 135 auto  Event.isCancelable is gone: a cancellable event is so by type, so the guard is dropped
re:\s*&&\s*\w+\.isCancelable\(\)	
re:(?<![\w$.])\w+\.isCancelable\(\)\s*&&\s*	

#@ 65 auto  SpawnEggItem.getType reads the stack's components, not its tag
re:\.getType\(\s*(\w+)\.getTag\(\)\s*\)	.getType(\1)

#@ 97 auto  wood/set-type blocks take the type FIRST, then Properties
re:\bnew\s+(DoorBlock|TrapDoorBlock|StandingSignBlock|WallSignBlock|CeilingHangingSignBlock|WallHangingSignBlock)\(\s*((?:[^(),]|\((?:[^()]|\((?:[^()]|\([^()]*\))*\))*\))+?),\s*((?:BlockSetType|WoodType)\.\w+|[\w.]*(?:SET_TYPE|WOOD_TYPE|_WOOD|BlockSetType|WoodType)\w*)\s*\)	new \1(\3, \2)
re:\bnew\s+FenceGateBlock\(\s*((?:[^(),]|\((?:[^()]|\((?:[^()]|\([^()]*\))*\))*\))+?),\s*((?:WoodType)\.\w+|[\w.]*(?:WOOD_TYPE|_WOOD|WoodType)\w*)\s*\)	new FenceGateBlock(\2, \1)
re:\bnew\s+ButtonBlock\(\s*((?:[^(),]|\((?:[^()]|\((?:[^()]|\([^()]*\))*\))*\))+?),\s*((?:BlockSetType)\.\w+|[\w.]*(?:SET_TYPE|BlockSetType)\w*),\s*(\d+),\s*(?:true|false)\s*\)	new ButtonBlock(\2, \3, \1)

#@ 35 manual  RecordItem is gone: music discs are an Item with the JUKEBOX_PLAYABLE component + a jukebox_song datapack entry
#? detect	\bRecordItem\b

#@ 141 manual  getAttackReachSqr is gone: isWithinMeleeAttackRange returns a boolean (delete the distance comparison)
#? detect	\bgetAttackReachSqr\(

#@ 103 manual  Raid.getLeaderBannerInstance takes the BannerPattern lookup: level.registryAccess().lookupOrThrow(Registries.BANNER_PATTERN)
#? detect	\bgetLeaderBannerInstance\(\s*\)

#@ R17 manual  JigsawPlacement.addPieces gained PoolAliasLookup, DimensionPadding and LiquidSettings
#? detect	\bJigsawPlacement\.addPieces\(

#@ 102 manual  a Structure codec is a MapCodec (RecordCodecBuilder.mapCodec) with Structure.settingsCodec(instance) first
#? detect	\bsettingsCodec\(

#@ 100 manual  ProjectileWeaponItem.customArrow takes the projectile and weapon stacks
#? detect	\.customArrow\(\s*\w+\s*\)
